{
  "summary" : "A user study with 5 tasks to be accomplished with Apache-POI.",
  "title" : "PoiUserStudy",
  "authors" : [
    "Qi Shen"
  ],
  "programming_language" : "JAVA",
  "language" : "en",
  "course_type" : "PyCharm",
  "items" : [
    {
      "title" : "lesson1",
      "task_list" : [
        {
          "name" : "task3",
          "files" : {
            "src/Task.java" : {
              "name" : "src/Task.java",
              "placeholders" : [
                {
                  "offset" : 647,
                  "length" : 22,
                  "possible_answer" : "CellStyle style = wb.createCellStyle();\n    style.setFillForegroundColor(IndexedColors.RED.getIndex());\n    style.setFillPattern(FillPatternType.SOLID_FOREGROUND);\n    wb.getSheet(\"sheet 1\").getRow(0).getCell(0).\n            setCellStyle(style);",
                  "placeholder_text" : "//TODO: set cell color"
                }
              ],
              "is_visible" : true,
              "text" : "import org.apache.poi.hssf.usermodel.HSSFWorkbook;\nimport org.apache.poi.ss.usermodel.CellStyle;\nimport org.apache.poi.ss.usermodel.FillPatternType;\nimport org.apache.poi.ss.usermodel.IndexedColors;\nimport org.apache.poi.ss.usermodel.Workbook;\n\nimport java.io.File;\nimport java.io.FileInputStream;\nimport java.io.FileOutputStream;\nimport java.io.IOException;\n\npublic class Task {\n  public static void main(String[] args) throws IOException {\n    // read file and create a cell\n    Workbook wb = new HSSFWorkbook(\n            new FileInputStream(new File(\"a.xls\"))\n    );\n    wb.createSheet(\"sheet 1\").\n            createRow(0).createCell(0);\n\n    //TODO: set cell color\n\n    // write back to c.xls\n    wb.write(new FileOutputStream(\"c.xls\"));\n  }\n}"
            },
            "test/Tests.java" : {
              "name" : "test/Tests.java",
              "placeholders" : [ ],
              "is_visible" : false,
              "text" : "import org.apache.poi.hssf.usermodel.HSSFWorkbook;\nimport org.apache.poi.ss.usermodel.CellStyle;\nimport org.apache.poi.ss.usermodel.FillPatternType;\nimport org.apache.poi.ss.usermodel.IndexedColors;\nimport org.apache.poi.ss.usermodel.Workbook;\nimport org.junit.Assert;\nimport org.junit.Test;\n\nimport java.io.File;\nimport java.io.FileInputStream;\nimport java.io.IOException;\n\npublic class Tests {\n  @Test\n  public void testSolution() throws IOException {\n    // put your test here\n    Workbook wb = new HSSFWorkbook(\n            new FileInputStream(new File(\"../../c.xls\"))\n    );\n    CellStyle style = wb.getSheet(\"sheet 1\").getRow(0).getCell(0).getCellStyle();\n\n    boolean correctFgColor = false;\n    if (style.getFillForegroundColor() == IndexedColors.RED.getIndex()) {\n      correctFgColor = true;\n    }\n\n    boolean correctPattern = false;\n    if (style.getFillPatternEnum() == FillPatternType.SOLID_FOREGROUND) {\n      correctPattern = true;\n    }\n\n    Assert.assertTrue(correctFgColor && correctPattern);\n\n    wb.close();\n  }\n}"
            }
          },
          "description_text" : "<html>\nset cell color.\n<div class=\"hint\">\n  cell index is (0,0), the color is \"IndexedColors.RED\", fill pattern is \"FillPatternType.SOLID_FOREGROUND\".\n  save file to \"c.xls\"\n</div>\n</html>",
          "description_format" : "HTML",
          "feedback_link" : {
            "link_type" : "STEPIK"
          },
          "task_type" : "edu"
        },
        {
          "name" : "task1",
          "files" : {
            "src/Task.java" : {
              "name" : "src/Task.java",
              "placeholders" : [
                {
                  "offset" : 247,
                  "length" : 29,
                  "possible_answer" : "Workbook wb = new HSSFWorkbook();\n    try {\n      wb.write(new FileOutputStream(new File(\"a.xls\")));\n    } catch (IOException e) {}",
                  "placeholder_text" : "//TODO: create blank workbook"
                }
              ],
              "is_visible" : true,
              "text" : "import org.apache.poi.hssf.usermodel.HSSFWorkbook;\nimport org.apache.poi.ss.usermodel.Workbook;\n\nimport java.io.File;\nimport java.io.FileOutputStream;\nimport java.io.IOException;\n\npublic class Task {\n  public static void main(String[] args) {\n    //TODO: create blank workbook\n  }\n}"
            },
            "test/Tests.java" : {
              "name" : "test/Tests.java",
              "placeholders" : [ ],
              "is_visible" : false,
              "text" : "import org.junit.Assert;\nimport org.junit.Test;\n\nimport java.io.File;\n\npublic class Tests {\n  @Test\n  public void testSolution() {\n    boolean fileExist = false;\n\n    File xls = new File(\"../../a.xls\");\n    if (xls.exists()) fileExist = true;\n\n    Assert.assertTrue(fileExist);\n  }\n}"
            }
          },
          "description_text" : "<html>\ncreate blank workbook\n<div class=\"hint\">\n  create a HSSFWorkbook and save to path \"a.xls\"\n</div>\n</html>",
          "description_format" : "HTML",
          "feedback_link" : {
            "link_type" : "STEPIK"
          },
          "task_type" : "edu"
        },
        {
          "name" : "task2",
          "files" : {
            "src/Task.java" : {
              "name" : "src/Task.java",
              "placeholders" : [
                {
                  "offset" : 561,
                  "length" : 32,
                  "possible_answer" : "Row row = sheet.createRow(0);\n    for (int i = 0; i < contents.length; i++) {\n      row.createCell(i).setCellValue(contents[i]);\n    }\n",
                  "placeholder_text" : "//TODO: write into a spreadsheet"
                }
              ],
              "is_visible" : true,
              "text" : "import org.apache.poi.hssf.usermodel.HSSFWorkbook;\nimport org.apache.poi.ss.usermodel.Row;\nimport org.apache.poi.ss.usermodel.Sheet;\nimport org.apache.poi.ss.usermodel.Workbook;\n\nimport java.io.File;\nimport java.io.FileInputStream;\nimport java.io.FileOutputStream;\nimport java.io.IOException;\n\npublic class Task {\n  public static void main(String[] args) throws IOException {\n    Workbook wb = new HSSFWorkbook(\n            new FileInputStream(new File(\"a.xls\"))\n    );\n    Sheet sheet = wb.createSheet(\"sheet 1\");\n    String[] contents = {\"a\", \"b\", \"c\"};\n\n    //TODO: write into a spreadsheet\n    wb.write(new FileOutputStream(new File(\"b.xls\")));\n  }\n}"
            },
            "test/Tests.java" : {
              "name" : "test/Tests.java",
              "placeholders" : [ ],
              "is_visible" : false,
              "text" : "import org.apache.poi.hssf.usermodel.HSSFWorkbook;\nimport org.apache.poi.ss.usermodel.Row;\nimport org.apache.poi.ss.usermodel.Workbook;\nimport org.junit.Assert;\nimport org.junit.Test;\n\nimport java.io.File;\nimport java.io.FileInputStream;\nimport java.io.IOException;\n\npublic class Tests {\n  @Test\n  public void testSolution() throws IOException {\n    Workbook wb = new HSSFWorkbook(\n            new FileInputStream(new File(\"../../b.xls\"))\n    );\n    Row row = wb.getSheet(\"sheet 1\").getRow(0);\n    String[] contents = {\"a\", \"b\", \"c\"};\n    for (int i = 0; i < contents.length; i++) {\n      Assert.assertTrue(row.getCell(i).getStringCellValue().equals(contents[i]));\n    }\n  }\n}"
            }
          },
          "description_text" : "<html>\nwrite into a spreadsheet.\n<div class=\"hint\">\n  write the elements of the list [\"a\", \"b\", \"c\"] into the first three cells in the first row (all 0-index).\n  save file to \"b.xls\".\n</div>\n</html>",
          "description_format" : "HTML",
          "feedback_link" : {
            "link_type" : "STEPIK"
          },
          "task_type" : "edu"
        },
        {
          "name" : "task4",
          "files" : {
            "src/Task.java" : {
              "name" : "src/Task.java",
              "placeholders" : [
                {
                  "offset" : 634,
                  "length" : 38,
                  "possible_answer" : "Font font = wb.createFont();\n    font.setFontName(\"IMPACT\");\n    font.setFontHeightInPoints((short) 30);\n    font.setColor(HSSFColor.GREEN.index);\n    font.setItalic(true);\n\n    CellStyle style = wb.createCellStyle();\n    style.setFont(font);\n    cell.setCellStyle(style);",
                  "placeholder_text" : "//TODO: set italic font and font color"
                }
              ],
              "is_visible" : true,
              "text" : "import org.apache.poi.hssf.usermodel.HSSFWorkbook;\nimport org.apache.poi.hssf.util.HSSFColor;\nimport org.apache.poi.ss.usermodel.Cell;\nimport org.apache.poi.ss.usermodel.CellStyle;\nimport org.apache.poi.ss.usermodel.Font;\nimport org.apache.poi.ss.usermodel.Workbook;\n\nimport java.io.File;\nimport java.io.FileInputStream;\nimport java.io.FileOutputStream;\nimport java.io.IOException;\n\npublic class Task {\n  public static void main(String[] args) throws IOException {\n    Workbook wb = new HSSFWorkbook(\n            new FileInputStream(new File(\"a.xls\"))\n    );\n    Cell cell = wb.createSheet(\"sheet 1\").createRow(0).createCell(0);\n\n    //TODO: set italic font and font color\n\n    wb.write(new FileOutputStream(new File(\"d.xls\")));\n  }\n}"
            },
            "test/Tests.java" : {
              "name" : "test/Tests.java",
              "placeholders" : [ ],
              "is_visible" : false,
              "text" : "import org.apache.poi.hssf.usermodel.HSSFWorkbook;\nimport org.apache.poi.hssf.util.HSSFColor;\nimport org.apache.poi.ss.usermodel.Cell;\nimport org.apache.poi.ss.usermodel.CellStyle;\nimport org.apache.poi.ss.usermodel.Font;\nimport org.junit.Assert;\nimport org.junit.Test;\n\nimport java.io.File;\nimport java.io.FileInputStream;\nimport java.io.IOException;\n\npublic class Tests {\n  @Test\n  public void testSolution() throws IOException {\n    HSSFWorkbook wb = new HSSFWorkbook(\n            new FileInputStream(new File(\"../../d.xls\"))\n    );\n\n    Cell cell = wb.getSheet(\"sheet 1\").getRow(0).getCell(0);\n    CellStyle style = cell.getCellStyle();\n    Font font = wb.getFontAt(style.getFontIndex());\n\n    Assert.assertTrue(font.getItalic());\n    Assert.assertTrue(font.getFontName().equals(\"IMPACT\"));\n    Assert.assertTrue(font.getColor() == HSSFColor.GREEN.index);\n    Assert.assertTrue(font.getFontHeightInPoints() == 30);\n\n    wb.close();\n  }\n}"
            }
          },
          "description_text" : "<html>\nset italic font and font color\n<div class=\"hint\">\n  create a font and save it in the cell style for cell (0,0).\n  the font should have 30 points height, \"HSSFColor.GREEN\" color, \"IMPACT\" name and be italic.\n  save the file to \"d.xls\"\n</div>\n</html>",
          "description_format" : "HTML",
          "feedback_link" : {
            "link_type" : "STEPIK"
          },
          "task_type" : "edu"
        },
        {
          "name" : "task5",
          "files" : {
            "src/Task.java" : {
              "name" : "src/Task.java",
              "placeholders" : [
                {
                  "offset" : 655,
                  "length" : 31,
                  "possible_answer" : "CreationHelper createHelper = wb.getCreationHelper();\n    cell.setCellValue(\"URL Link\");\n    Hyperlink link = createHelper.createHyperlink(HyperlinkType.URL);\n    link.setAddress(\"http://www.tutorialspoint.com/\");\n    cell.setHyperlink(link);",
                  "placeholder_text" : "//TODO: create hyperlink to URL"
                }
              ],
              "is_visible" : true,
              "text" : "import org.apache.poi.common.usermodel.HyperlinkType;\nimport org.apache.poi.hssf.usermodel.HSSFWorkbook;\nimport org.apache.poi.ss.usermodel.Cell;\nimport org.apache.poi.ss.usermodel.CreationHelper;\nimport org.apache.poi.ss.usermodel.Hyperlink;\nimport org.apache.poi.ss.usermodel.Workbook;\n\nimport java.io.File;\nimport java.io.FileInputStream;\nimport java.io.FileOutputStream;\nimport java.io.IOException;\n\npublic class Task {\n  public static void main(String[] args) throws IOException {\n    Workbook wb = new HSSFWorkbook(\n            new FileInputStream(new File(\"a.xls\"))\n    );\n    Cell cell = wb.createSheet(\"sheet 1\").createRow(0).createCell(0);\n\n    //TODO: create hyperlink to URL\n\n    wb.write(new FileOutputStream(new File(\"e.xls\")));\n  }\n}"
            },
            "test/Tests.java" : {
              "name" : "test/Tests.java",
              "placeholders" : [ ],
              "is_visible" : false,
              "text" : "import org.apache.poi.common.usermodel.HyperlinkType;\nimport org.apache.poi.hssf.usermodel.HSSFWorkbook;\nimport org.apache.poi.ss.usermodel.Cell;\nimport org.apache.poi.ss.usermodel.Hyperlink;\nimport org.apache.poi.ss.usermodel.Sheet;\nimport org.apache.poi.ss.usermodel.Workbook;\nimport org.junit.Assert;\nimport org.junit.Test;\n\nimport java.io.File;\nimport java.io.FileInputStream;\nimport java.io.IOException;\n\npublic class Tests {\n  @Test\n  public void testSolution() throws IOException {\n    Workbook wb = new HSSFWorkbook(\n            new FileInputStream(new File(\"../../e.xls\"))\n    );\n    Sheet sheet;\n    Cell cell = wb.getSheet(\"sheet 1\").getRow(0).getCell(0);\n    Hyperlink link = cell.getHyperlink();\n\n    Assert.assertTrue(link.getAddress().equals(\"http://www.tutorialspoint.com/\"));\n    Assert.assertTrue(link.getTypeEnum().equals(HyperlinkType.URL));\n\n    wb.close();\n  }\n}"
            }
          },
          "description_text" : "<html>\ncreate hyperlink to URL\n<div class=\"hint\">\n  given a cell at (0,0), set the content of the cell to \"URL Link\",\n  set the hyperlink address of the cell to \"http://www.tutorialspoint.com/\",\n  link type is \"HyperlinkType.URL\".\n  save file to \"e.xls\".\n\n</div>\n</html>",
          "description_format" : "HTML",
          "feedback_link" : {
            "link_type" : "STEPIK"
          },
          "task_type" : "edu"
        }
      ],
      "type" : "lesson"
    }
  ],
  "additional_files" : [
    {
      "name" : "build.gradle",
      "placeholders" : [ ],
      "is_visible" : true,
      "text" : "buildscript {\n    repositories {\n        mavenCentral()\n    }\n}\n\ndef printOutput(def output) {\n    return tasks.create(\"printOutput\") {\n        for (line in output.toString().readLines()) {\n            println \"#educational_plugin\" + line\n        }\n    }\n}\n\nsubprojects {\n    apply plugin: 'application'\n    apply plugin: 'java'\n\n    sourceCompatibility = 1.8\n\n    repositories {\n        mavenCentral()\n    }\n\n    dependencies {\n        testCompile group: 'junit', name: 'junit', version: '4.12'\n        compile group: 'org.apache.poi', name: 'poi', version: '3.17'\n    }\n\n    sourceSets {\n        main {\n            java.srcDir 'src'\n        }\n        test {\n            java.srcDir 'test'\n        }\n    }\n\n    mainClassName = project.hasProperty(\"mainClass\") ? project.getProperty(\"mainClass\") : \"\"\n\n    def runOutput = new ByteArrayOutputStream()\n    tasks.run.setStandardOutput(runOutput)\n    tasks.run.doLast { printOutput(runOutput) }\n}\n\nproject(':util') {\n    dependencies {\n        compile group: 'junit', name: 'junit', version: '4.12'\n    }\n}\n\nconfigure(subprojects.findAll {it.name != 'util'}) {\n  dependencies {\n    compile project(':util').sourceSets.main.output\n    testCompile project(':util').sourceSets.test.output\n  }\n}\n"
    }
  ],
  "version" : 11
}